"Metric","Value"
"Accuracy",0.92156862745098
"Precision",0.948979591836735
"Recall",0.93
"F1 Score",0.939393939393939
